MovingAvg_window,MAE_mean,MAE_std,n_seeds
1,12587.07692934994,2.1663982205498664,3
3,12700.474267312902,61.36514117807799,3
7,12817.639747636975,64.95971900109002,3
13,12719.174033475834,218.3814527151779,3
25,12069.302633692103,321.3527785164007,3
49,10637.367573242294,283.23357423495435,3
