Model,MAE_returns,RMSE_returns,Bias_returns,n
TCN,0.024682651018174556,0.036303315462743284,0.0024153921516160614,140
Autoformer,0.023195869425602453,0.0348206987186669,0.00036902082023584676,140
Autoformer_NoDecomp,0.021486407237982914,0.03355239302968244,0.0018346303834843448,140
