kernel_size,MAE
2,5569.911065091152
3,5318.498620876159
5,7607.642570740644
7,9990.800621062444
