,ACF,ACF,ACF,ACF,ACF,PACF,PACF,PACF,PACF,PACF,Ljung-Box p,Ljung-Box p,Ljung-Box p,Ljung-Box p,Ljung-Box p
,Lag 1,Lag 2,Lag 3,Lag 4,Lag 5,Lag 1,Lag 2,Lag 3,Lag 4,Lag 5,Lag 1,Lag 2,Lag 3,Lag 4,Lag 5
Series,,,,,,,,,,,,,,,
SP500 (level),0.9963602883100157,0.9971716566229717,5.967914958577705e-268,0.992793542990764,0.01070613400451403,0.0,0.9892158857492369,-0.003971295737275525,0.0,0.9856098238311777,-0.007305533018492419,0.0,0.982123965368149,0.019011347808472544,0.0
SP500 (diff),-0.0243389292771744,-0.024358765405354647,0.3931343460025979,0.007133359731428288,0.006555536805698894,0.6730349823934781,-0.07624188616144689,-0.0761444645021916,0.04686247491626256,-0.04355855710930569,-0.0477075027453145,0.035657901039793036,-0.014405574656682655,-0.016030846680140938,0.060909577517400025
BTC (level),0.9977766249164429,0.9985891465979709,1.0462000518811451e-268,0.9957058844954999,0.05269795020618613,0.0,0.9937052857855388,0.02649771337084442,0.0,0.9913671262016781,-0.11903410338942293,0.0,0.989231711099371,0.05955048100181033,0.0
BTC (diff),-0.03886828700887748,-0.03889996450440223,0.17265605407565812,-0.009773704394277622,-0.01131998516906376,0.3720568883426746,0.07630248445198975,0.07578825313899692,0.02728586449224974,-0.051546345803236644,-0.046245865646235285,0.014393802703034479,-0.03202074720650385,-0.03469722931775454,0.01762286168775152
DGS10 (level),0.9970375301380302,0.9978494499508461,2.596358684732647e-268,0.9940691853214687,-0.0032619239091806157,0.0,0.9913475249827718,0.05565900045993055,0.0,0.9886457459422326,0.002703834334037367,0.0,0.9860496763745441,0.02630497310273818,0.0
DGS10 (diff),0.001985969517679884,0.001987588074743995,0.9444491405281398,-0.07799962290945264,-0.07813112452503977,0.023514096282448257,0.013299977382900683,0.013739182195855027,0.05220414441296999,-0.018895181829662416,-0.025292804401592272,0.0859245402047386,0.002401150228549644,0.004709635397378881,0.14731509014773936
