MovingAvg_window,MAE_mean,MAE_std,n_seeds
1,93.03472482638887,0.7845189902450891,3
3,81.32960575810183,6.658119590115626,3
7,83.4771830150463,4.6451168685231945,3
13,90.59678399884257,2.478904103969035,3
25,94.68065162037037,22.56488273871817,3
49,86.72462579571759,4.928414745096519,3
