Model,MAE_returns,RMSE_returns,Bias_returns,n
TCN,0.00692395678319596,0.00866567528157445,0.0016922798152880145,140
Autoformer,0.0075209849143179595,0.009505651324563885,-0.00022211873026097047,140
Autoformer_NoDecomp,0.005685507072916402,0.007458702493175272,0.002507280080176777,140
