kernel_size,MAE
2,124.2266328125
3,105.98931141493057
5,120.39400065104164
7,134.46070312499998
