MovingAvg_window,MAE_mean,MAE_std,n_seeds
1,0.07057333444665981,0.0003276658252106684,3
3,0.07287942116348833,0.002621114414286596,3
7,0.07535018624199762,0.0016534251169743389,3
13,0.07817780268633807,0.004399926272889178,3
25,0.08011792783383971,0.003996375026774275,3
49,0.09874102818524398,0.024468631466213062,3
