Model,MAE_returns,RMSE_returns,Bias_returns,n
TCN,0.007988662729738019,0.010115333213421713,0.0002461615969359121,140
Autoformer,0.007814231228753174,0.010464229065431215,-0.0005559800588473068,140
Autoformer_NoDecomp,0.006491350678262954,0.008243957308995655,0.0011794310465640865,140
