kernel_size,MAE
2,0.08866621398925786
3,0.11381832864549427
5,0.10719681866963708
7,0.09219518280029296
